JP;880-2321;Takaokacho Uchiyama(Sonota);Miyazaki Ken;25;Miyazaki Shi;1856706;31.9352;131.3939
PE;2520;Huaranguyoc;Ancash;2;Ocros;214;-10.476;-77.5705
JP;370-0835;Tatsumicho;Gumma Ken;10;Takasaki Shi;1850994;36.3165;139.0078
JP;880-8625;ＳＭＢＣ日興証券　株式会社　宮崎支店;Miyazaki Ken;25;Miyazaki Shi;1856706;31.9619;131.3845
PE;2520;Pampahuachana;Ancash;2;Ocros;214;-10.476;-77.5705
JP;370-2103;Yoshiimachi Iwai;Gumma Ken;10;Takasaki Shi;1850994;36.258;138.8737
JP;889-1604;Kiyotakecho Funahiki;Miyazaki Ken;25;Miyazaki Shi;1856706;31.8797;131.2198
PE;2520;Huacapampa;Ancash;2;Ocros;214;-10.4286;-77.4941
JP;370-3516;Tokadaimachi;Gumma Ken;10;Takasaki Shi;1850994;36.3828;139.0235
JP;889-1701;Tanocho Ko;Miyazaki Ken;25;Miyazaki Shi;1856706;31.8797;131.2198
PE;2530;Cutacancha;Ancash;2;Ocros;214;-10.3184;-77.4121
JP;370-3522;Sugayamachi;Gumma Ken;10;Takasaki Shi;1850994;36.3781;139.0155
JP;889-1716;Hosoe(Heiwa);Miyazaki Ken;25;Miyazaki Shi;1856706;31.8797;131.2198
PE;2530;Huallillin;Ancash;2;Ocros;214;-10.3194;-77.4241
JP;370-8565;Asahimachi;Gumma Ken;10;Takasaki Shi;1850994;36.4054;138.8923
JP;885-0005;Jinnoyamacho;Miyazaki Ken;25;Miyakonojo Shi;1856774;31.7534;131.0966
PE;2530;Papachacra;Ancash;2;Ocros;214;-10.3194;-77.4241
JP;370-8585;Futabacho;Gumma Ken;10;Takasaki Shi;1850994;36.4054;138.8923
JP;885-0019;Iwayoshi;Miyazaki Ken;25;Miyakonojo Shi;1856774;31.7339;131.0836
PE;2530;Culiac;Ancash;2;Ocros;214;-10.3194;-77.4241
JP;370-8611;Higashimachi;Gumma Ken;10;Takasaki Shi;1850994;36.4054;138.8923
JP;885-1312;Takajocho Shika;Miyazaki Ken;25;Miyakonojo Shi;1856774;31.8146;131.0885
PE;2530;Shatancot0;Ancash;2;Ocros;214;-10.3194;-77.4241
JP;370-8622;Toiyacho;Gumma Ken;10;Takasaki Shi;1850994;36.4054;138.8923
JP;885-8610;Uwamachi;Miyazaki Ken;25;Miyakonojo Shi;1856774;31.8092;131.079
PE;2830;Huayubamba;Ancash;2;Pallasca;215;-8.3427;-78.07
JP;370-8666;Takamatsucho;Gumma Ken;10;Takasaki Shi;1850994;36.4054;138.8923
JP;889-1801;Yamanokuchicho Tomiyoshi;Miyazaki Ken;25;Miyakonojo Shi;1856774;31.8797;131.2198
PE;2835;Llungurpamba;Ancash;2;Pallasca;215;-8.2634;-78.0049
JP;377-0392;Murakami;Gumma Ken;10;Shibukawa Shi;1852593;36.5658;138.9351
JP;889-1803;Yamanokuchicho Yamanokuchi(Sonota);Miyazaki Ken;25;Miyakonojo Shi;1856774;31.8797;131.2198
PE;2835;Huaquillacta;Ancash;2;Pallasca;215;-8.2634;-78.0049
JP;377-8502;渋川市　北橘総合支所;Gumma Ken;10;Shibukawa Shi;1852593;36.5;138.9833
JP;883-0036;Minamimachi;Miyazaki Ken;25;Hyuga Shi;1862036;32.4202;131.6237
PE;2855;Huandoval;Ancash;2;Pallasca;215;-8.3333;-77.9833
JP;379-1104;Akagimachi Shikishima;Gumma Ken;10;Shibukawa Shi;1852593;36.7383;138.9605
JP;883-0103;Togocho Yamagetei;Miyazaki Ken;25;Hyuga Shi;1862036;32.4244;131.6299
PE;2855;Tucupina;Ancash;2;Pallasca;215;-8.3346;-77.9456
JP;379-1115;Akagimachi Mizoroki;Gumma Ken;10;Shibukawa Shi;1852593;36.7383;138.9605
JP;883-1211;Saigo Yamasanga;Miyazaki Ken;25;Higashiusuki Gun;1862717;32.44;131.3712
PE;2860;Huacaschuque;Ancash;2;Pallasca;215;-8.3;-78.0
JP;370-1114;Koizumi;Gumma Ken;10;Sawa Gun;1852846;36.258;139.0603
JP;883-1602;Okawauchi(Sonota);Miyazaki Ken;25;Higashiusuki Gun;1862717;32.4617;131.143
PE;2865;Chip Chip;Ancash;2;Pallasca;215;-8.1385;-77.7988
JP;370-0343;Nitta Shimodanakacho;Gumma Ken;10;Ota Shi;1853626;36.2957;139.1683
JP;889-4155;Kamesawa;Miyazaki Ken;25;Ebino Shi;1864313;32.0167;130.8
PE;2865;Tilaco Grande;Ancash;2;Pallasca;215;-8.1385;-77.7988
JP;373-0032;Niinocho;Gumma Ken;10;Ota Shi;1853626;36.3079;139.3435
JP;889-4163;Tsuru;Miyazaki Ken;25;Ebino Shi;1864313;32.0167;130.8
PE;2870;Quichuaycocha;Ancash;2;Pallasca;215;-8.2658;-77.9055
JP;373-0801;Dainogocho;Gumma Ken;10;Ota Shi;1853626;36.3077;139.4074
JP;880-1100;Ikanikeisaiganaibaai;Miyazaki Ken;25;Higashimorokata Gun;7413964;32.039;131.2877
PE;2875;Majada Verde;Ancash;2;Pallasca;215;-8.2581;-77.7307
JP;373-8505;Nishishimmachi;Gumma Ken;10;Ota Shi;1853626;36.3;139.3667
JP;880-1102;Miyaomaru;Miyazaki Ken;25;Higashimorokata Gun;7413964;32.039;131.2877
PE;2875;Quirobamba;Ancash;2;Pallasca;215;-8.2581;-77.7307
JP;373-8610;Higashihoncho;Gumma Ken;10;Ota Shi;1853626;36.3;139.3667
JP;882-1192;高千穂町役場;Miyazaki Ken;25;Nishiusuki Gun;7413968;32.7468;131.3146
PE;2875;Sarsa;Ancash;2;Pallasca;215;-8.2581;-77.7307
JP;370-0511;Kitakoizumi;Gumma Ken;10;Ora Gun;1853946;36.2666;139.4184
JP;882-1414;Kawachi;Miyazaki Ken;25;Nishiusuki Gun;7413968;32.7468;131.3146
PE;2250;Cucho;Ancash;2;Pomabamba;216;-8.6128;-77.3953
JP;370-0533;Sengoku;Gumma Ken;10;Ora Gun;1853946;36.2422;139.3962
JP;399-8204;Toyoshina Takibe;Nagano Ken;26;Azumino Shi;10629642;36.2887;137.909
PE;2250;Rajraj;Ancash;2;Pomabamba;216;-8.6128;-77.3953
JP;370-0534;Okayama;Gumma Ken;10;Ora Gun;1853946;36.2422;139.3872
JP;399-8288;Toyoshina;Nagano Ken;26;Azumino Shi;10629642;36.2887;137.909
PE;2250;Mallqueguero Jirca;Ancash;2;Pomabamba;216;-8.6128;-77.3953
JP;371-0021;Sumiyoshicho;Gumma Ken;10;Maebashi Shi;1857842;36.3969;139.0694
JP;386-0000;Ikanikeisaiganaibaai;Nagano Ken;26;Ueda Shi;1849427;36.4007;138.2545
PE;2250;Champara;Ancash;2;Pomabamba;216;-8.6128;-77.3953
JP;371-0034;Showamachi;Gumma Ken;10;Maebashi Shi;1857842;36.4039;139.0628
JP;386-0031;Komaki;Nagano Ken;26;Ueda Shi;1849427;36.3785;138.256
PE;2258;Cunyac;Ancash;2;Pomabamba;216;-8.7023;-77.3437
JP;371-0054;Shimohosoimachi;Gumma Ken;10;Maebashi Shi;1857842;36.413;139.0868
JP;386-0401;Shiokawa;Nagano Ken;26;Ueda Shi;1849427;36.3491;138.3061
PE;2258;Quita;Ancash;2;Pomabamba;216;-8.7023;-77.3437
JP;371-0105;Fujimimachi Ishii;Gumma Ken;10;Maebashi Shi;1857842;36.4319;139.1098
JP;386-2202;Sanadamachi Motohara;Nagano Ken;26;Ueda Shi;1849427;36.5235;138.3308
PE;2260;Viñauya;Ancash;2;Pomabamba;216;-8.7904;-77.5065
JP;371-0822;Shimoshindemmachi;Gumma Ken;10;Maebashi Shi;1857842;36.3564;139.0672
JP;386-8610;Midorigaoka;Nagano Ken;26;Ueda Shi;1849427;36.3835;138.2419
PE;2260;Huacapaqui;Ancash;2;Pomabamba;216;-8.7904;-77.5065
JP;371-0833;Hikarigaokamachi;Gumma Ken;10;Maebashi Shi;1857842;36.3704;139.0586
JP;382-0037;Nobemachi;Nagano Ken;26;Suzaka Shi;1851356;36.6461;138.3057
PE;2260;Carhuac;Ancash;2;Pomabamba;216;-8.7904;-77.5065
JP;371-0856;Sojamachi Takai;Gumma Ken;10;Maebashi Shi;1857842;36.3801;139.0746
JP;392-0005;Okamura;Nagano Ken;26;Suwa Shi;1851362;36.0439;138.125
PE;2260;Aylahuayon;Ancash;2;Pomabamba;216;-8.7904;-77.5065
JP;371-0857;Takaimachi;Gumma Ken;10;Maebashi Shi;1857842;36.3801;139.0746
JP;392-0023;Kowataminami;Nagano Ken;26;Suwa Shi;1851362;36.0388;138.1164
PE;2260;Jancacucho;Ancash;2;Pomabamba;216;-8.7904;-77.5065
JP;371-8510;Aramakimachi;Gumma Ken;10;Maebashi Shi;1857842;36.4143;139.1311
JP;393-0014;Kinoshita;Nagano Ken;26;Suwa Gun;1851367;36.0777;138.0889
PE;2260;Cushuru;Ancash;2;Pomabamba;216;-8.7904;-77.5065
JP;371-8561;Hommachi;Gumma Ken;10;Maebashi Shi;1857842;36.4143;139.1311
JP;393-0024;Gokan;Nagano Ken;26;Suwa Gun;1851367;36.0711;138.0951
PE;2260;Chacpa;Ancash;2;Pomabamba;216;-8.7904;-77.5065
JP;379-2131;Nishizemmachi;Gumma Ken;10;Maebashi Shi;1857842;36.3454;139.1122
JP;393-0042;Kitashio;Nagano Ken;26;Suwa Gun;1851367;36.0708;138.0869
PE;2295;Escoria;Ancash;2;Pomabamba;216;-8.8897;-77.4663
JP;379-2161;Tomidamachi;Gumma Ken;10;Maebashi Shi;1857842;36.3879;139.146
JP;399-0723;Kyushiojiri;Nagano Ken;26;Shiojiri Shi;1852001;36.114;137.9552
PE;2405;Socopampa;Ancash;2;Recuay;217;-9.7065;-77.4474
JP;379-2187;Kamesatomachi;Gumma Ken;10;Maebashi Shi;1857842;36.3602;139.1339
JP;381-0401;Hirao;Nagano Ken;26;Shimotakai Gun;1852186;36.6682;138.2123
PE;2405;Cebada Cancha;Ancash;2;Recuay;217;-9.7065;-77.4474
JP;370-3594;陸上自衛隊　相馬原駐屯地;Gumma Ken;10;Kitagumma Gun;1859339;36.3953;139.0065
JP;389-2612;Nanagamaki;Nagano Ken;26;Shimotakai Gun;1852186;36.848;138.362
PE;2405;Juchuqui;Ancash;2;Recuay;217;-9.7065;-77.4474
JP;370-2202;Obata;Gumma Ken;10;Kanra Gun;1860108;36.258;138.8737
JP;949-8321;Sakai(17500-18560-Banchi);Nagano Ken;26;Shimominochi Gun;1852253;37.0883;138.7357
PE;2410;Pukaventana;Ancash;2;Recuay;217;-9.9112;-77.3171
JP;370-2205;Kunimine;Gumma Ken;10;Kanra Gun;1860108;36.258;138.8737
JP;399-1504;Nishijo;Nagano Ken;26;Shimoina Gun;1852309;35.3154;137.8001
PE;2410;Chullush;Ancash;2;Recuay;217;-9.9112;-77.3171
JP;370-2622;Nakaosaka;Gumma Ken;10;Kanra Gun;1860108;36.258;138.8737
JP;399-1611;Wago;Nagano Ken;26;Shimoina Gun;1852309;35.3214;137.7412
PE;2410;Mashra;Ancash;2;Recuay;217;-9.9112;-77.3171
JP;370-2813;Tozawa;Gumma Ken;10;Kanra Gun;1860108;36.258;138.8737
JP;399-3101;Yamabuki;Nagano Ken;26;Shimoina Gun;1852309;35.5836;137.8826
PE;2410;Yanac;Ancash;2;Recuay;217;-9.9112;-77.3171
JP;370-0135;Sakai Okonogi;Gumma Ken;10;Isesaki Shi;1861435;36.2716;139.2553
JP;399-3300;Ikanikeisaiganaibaai;Nagano Ken;26;Shimoina Gun;1852309;35.604;137.8953
PE;2410;Pampajallca;Ancash;2;Recuay;217;-9.9112;-77.3171
JP;377-0422;Aoyama;Gumma Ken;10;Agatsuma Gun;7453747;36.5198;138.9822
JP;399-3501;Kashio;Nagano Ken;26;Shimoina Gun;1852309;35.6163;137.903
PE;2410;Santo Domingo;Ancash;2;Recuay;217;-10.0466;-77.2653
JP;377-0700;Ikanikeisaiganaibaai;Gumma Ken;10;Agatsuma Gun;7453747;36.5198;138.9822
JP;385-0003;Shimohirao;Nagano Ken;26;Saku Shi;1853055;36.2762;138.5367
PE;2483;Willcapampa;Ancash;2;Recuay;217;-10.0941;-77.3732
JP;377-0933;Motojuku;Gumma Ken;10;Agatsuma Gun;7453747;36.5198;138.9822
JP;385-0035;Seto;Nagano Ken;26;Saku Shi;1853055;36.2453;138.4891
PE;2490;Marca;Ancash;2;Recuay;217;-10.0883;-77.4743
JP;377-1311;Akaiwa;Gumma Ken;10;Agatsuma Gun;7453747;36.5754;138.628
JP;383-0011;Wakamiya;Nagano Ken;26;Nakano Shi;1855829;36.7455;138.3773
PE;2495;Muchpa;Ancash;2;Recuay;217;-10.0577;-77.5147
JP;377-1395;国土交通省関東地方建設局　八ツ場ダム工事事務所;Gumma Ken;10;Agatsuma Gun;7453747;36.5051;138.626
JP;380-0811;Tsuruga(Higashitsurugamachi);Nagano Ken;26;Nagano Shi;1856209;36.6517;138.2003
PE;2635;Allpallina;Ancash;2;Recuay;217;-10.0028;-77.5399
JP;377-1512;Omae(Hosohara2259-);Gumma Ken;10;Agatsuma Gun;7453747;36.515;138.4935
JP;380-0816;Miwatamachi;Nagano Ken;26;Nagano Shi;1856209;36.6672;138.196
PE;2635;Collumpe;Ancash;2;Recuay;217;-10.0028;-77.5399
JP;377-1525;Saikubo;Gumma Ken;10;Agatsuma Gun;7453747;36.5224;138.5404
JP;380-0821;Tsuruga(Kamichitosemachi);Nagano Ken;26;Nagano Shi;1856209;36.6672;138.196
PE;2640;Huañunqui;Ancash;2;Recuay;217;-10.1192;-77.6538
JP;377-1703;Oshi;Gumma Ken;10;Agatsuma Gun;7453747;36.6584;138.7046
JP;380-0831;Higashimachi;Nagano Ken;26;Nagano Shi;1856209;36.6672;138.196
PE;2645;Chaucayan;Ancash;2;Recuay;217;-10.1812;-77.5484
JP;378-0414;Higashiogawa;Gumma Ken;10;Tone Gun;7453748;36.656;139.0476
JP;380-0854;Isemachi;Nagano Ken;26;Nagano Shi;1856209;36.6672;138.196
PE;2710;Nuevo Mundo;Ancash;2;Santa;218;-9.1001;-78.4359
JP;379-1308;Maniwa;Gumma Ken;10;Tone Gun;7453748;36.6724;139.0067
JP;380-0861;Yokosawacho;Nagano Ken;26;Nagano Shi;1856209;36.6672;138.196
PE;2730;Anta;Ancash;2;Santa;218;-9.2494;-78.0737
JP;379-1417;Higashimine;Gumma Ken;10;Tone Gun;7453748;36.699;138.867
JP;380-0906;Nanase;Nagano Ken;26;Nagano Shi;1856209;36.6294;138.1766
PE;2730;Leonera;Ancash;2;Santa;218;-9.1633;-78.124
JP;379-1721;Fujiwara;Gumma Ken;10;Tone Gun;7453748;36.914;139.0753
JP;380-0936;Okadamachi;Nagano Ken;26;Nagano Shi;1856209;36.6364;138.1823
PE;2740;Potrero;Ancash;2;Santa;218;-8.915;-78.0764
JP;379-0305;Matsuidamachi Iriyama;Gumma Ken;10;Annaka Shi;7453835;36.3249;138.8767
JP;380-8537;東日本建設業保証　株式会社　長野支店;Nagano Ken;26;Nagano Shi;1856209;36.6526;138.1169
PE;2740;Antamarca;Ancash;2;Santa;218;-8.9275;-78.1539
JP;375-0012;Shimotozuka;Gumma Ken;10;Fujioka Shi;7453836;36.2542;139.095
JP;380-8540;株式会社　ケイシイシイ;Nagano Ken;26;Nagano Shi;1856209;36.6526;138.1169
PE;2740;Cauish;Ancash;2;Santa;218;-8.961;-78.0764
JP;375-0016;Kamikurisu;Gumma Ken;10;Fujioka Shi;7453836;36.2634;139.069
JP;380-8543;Minamichitose;Nagano Ken;26;Nagano Shi;1856209;36.6526;138.1169
PE;2740;Chiquis;Ancash;2;Santa;218;-8.961;-78.0764
JP;375-0056;Mitsugi;Gumma Ken;10;Fujioka Shi;7453836;36.2571;139.0275
JP;380-8572;Nakagosho;Nagano Ken;26;Nagano Shi;1856209;36.6526;138.1169
PE;2740;Naranjo;Ancash;2;Santa;218;-8.961;-78.0764
JP;376-0034;Higashi;Gumma Ken;10;Kiryu Shi;7453839;36.4098;139.3467
JP;380-8611;長野県　労働金庫;Nagano Ken;26;Nagano Shi;1856209;36.6526;138.1169
PE;2740;Salitre;Ancash;2;Santa;218;-8.961;-78.0764
JP;376-0046;Miyamaecho;Gumma Ken;10;Kiryu Shi;7453839;36.4137;139.3298
JP;380-8622;株式会社　新建新聞社;Nagano Ken;26;Nagano Shi;1856209;36.6526;138.1169
NL;3553;Utrecht;Utrecht;9;Utrecht;344;52.1093;5.0878
JP;376-0123;Niisatocho Takei;Gumma Ken;10;Kiryu Shi;7453839;36.4089;139.3369
JP;380-8639;ＪＡ長野共済連;Nagano Ken;26;Nagano Shi;1856209;36.6526;138.1169
NL;3561;Utrecht;Utrecht;9;Utrecht;344;52.1128;5.1239
JP;376-0135;Niisatocho Takaizumi;Gumma Ken;10;Kiryu Shi;7453839;36.4089;139.3369
JP;381-0003;Hoyasu;Nagano Ken;26;Nagano Shi;1856209;36.6617;138.218
NL;3566;Utrecht;Utrecht;9;Utrecht;344;52.1214;5.124
JP;376-0145;Kurohonecho Kamitazawa;Gumma Ken;10;Kiryu Shi;7453839;36.4089;139.3369
JP;381-0012;Yanagihara;Nagano Ken;26;Nagano Shi;1856209;36.6617;138.218
NL;3701;Zeist;Utrecht;9;Zeist;355;52.0864;5.244
JP;379-2312;Kasakakecho Kugu;Gumma Ken;10;Midori Shi;7453841;36.3472;139.2977
JP;381-0031;Nishiowaribe;Nagano Ken;26;Nagano Shi;1856209;36.6533;138.2156
NL;3433;Nieuwegein;Utrecht;9;Nieuwegein;356;52.0102;5.0995
JP;378-0002;Yokozukamachi;Gumma Ken;10;Numata Shi;7453843;36.6646;139.0839
JP;381-2285;長野日野自動車　株式会社;Nagano Ken;26;Nagano Shi;1856209;36.5964;138.1885
NL;3464;Papekop;Utrecht;9;Oudewater;589;52.0478;4.856
JP;378-0046;Bakuromachi;Gumma Ken;10;Numata Shi;7453843;36.6424;139.048
JP;381-2286;Ichiba;Nagano Ken;26;Nagano Shi;1856209;36.5964;138.1885
NL;1426;de Hoef;Utrecht;9;De Ronde Venen;736;52.2082;4.8172
JP;374-0033;Horikucho;Gumma Ken;10;Tatebayashi Shi;7453849;36.2248;139.5325
JP;381-2411;Shinshushimmachi Takebusa;Nagano Ken;26;Nagano Shi;1856209;36.5964;138.1885
NL;4126;Hei- en Boeicop;Utrecht;9;Vijfheerenlanden;1961;51.9451;5.0749
JP;374-8588;Hommachi;Gumma Ken;10;Tatebayashi Shi;7453849;36.246;139.5353
JP;381-3162;Naniaibo;Nagano Ken;26;Nagano Shi;1856209;36.6124;138.0336
NL;4471;'s-Heer Hendrikskinderen;Zeeland;10;Goes;664;51.5047;3.8458
JP;731-1500;Ikanikeisaiganaibaai;Hiroshima Ken;11;Yamagata Gun;1848699;34.7127;132.508
JP;388-8002;Shinonoi Tofukuji;Nagano Ken;26;Nagano Shi;1856209;36.5852;138.1809
NL;4334;Middelburg;Zeeland;10;Middelburg;687;51.5034;3.5971
JP;731-3702;Nakatsutsuga;Hiroshima Ken;11;Yamagata Gun;1848699;34.4754;132.4134
JP;389-1104;Toyonomachi Asano;Nagano Ken;26;Nagano Shi;1856209;36.6526;138.1169
NL;4321;Kerkwerve;Zeeland;10;Schouwen-Duiveland;1676;51.6874;3.8907
JP;725-0026;Chuo;Hiroshima Ken;11;Takehara Shi;1850858;34.3415;132.9084
JP;384-1306;Hirasawa;Nagano Ken;26;Minamisaku Gun;1857141;35.9841;138.4583
NL;2407;Alphen aan den Rijn;Zuid-Holland;11;Alphen aan den Rijn;484;52.1146;4.6906
JP;739-0637;Ushiroiitani;Hiroshima Ken;11;Otake Shi;1853661;34.2559;132.152
JP;390-0817;Habaue;Nagano Ken;26;Matsumoto Shi;1857516;36.2307;137.9623
NL;3313;Dordrecht;Zuid-Holland;11;Dordrecht;505;51.8157;4.7081
JP;722-0036;Higashigoshocho;Hiroshima Ken;11;Onomichi Shi;1853990;34.4044;133.1931
JP;384-0053;Fujitsuka;Nagano Ken;26;Komoro Shi;1858856;36.3304;138.4369
NL;4202;Gorinchem;Zuid-Holland;11;Gorinchem;512;51.8332;4.9463
JP;722-0043;Higashikubocho;Hiroshima Ken;11;Onomichi Shi;1853990;34.4147;133.2082
JP;384-0056;Yotsuya;Nagano Ken;26;Komoro Shi;1858856;36.3304;138.4369
NL;2522;'s-Gravenhage;Zuid-Holland;11;'s-Gravenhage;518;52.0605;4.3269
JP;722-2192;万田発酵　株式会社;Hiroshima Ken;11;Onomichi Shi;1853990;34.3578;133.3143
JP;399-4117;Akaho;Nagano Ken;26;Komagane Shi;1858938;35.7361;137.8667
NL;2581;'s-Gravenhage;Zuid-Holland;11;'s-Gravenhage;518;52.0915;4.2695
JP;728-0025;Awayamachi;Hiroshima Ken;11;Miyoshi Shi;1856691;34.7834;132.8039
JP;389-0204;Hosho;Nagano Ken;26;Kitasaku Gun;1859278;36.3543;138.4563
NL;2432;Noorden;Zuid-Holland;11;Nieuwkoop;569;52.1709;4.8532
JP;729-4308;Mirasakacho Tari;Hiroshima Ken;11;Miyoshi Shi;1856691;34.792;132.8643
JP;382-0811;Miyaseki;Nagano Ken;26;Kamitakai Gun;1860414;36.6463;138.3066
NL;2989;Ridderkerk;Zuid-Holland;11;Ridderkerk;597;51.8527;4.6289
JP;729-6202;Mukoetamachi;Hiroshima Ken;11;Miyoshi Shi;1856691;34.7853;132.9301
JP;396-0003;Tera Noguchi;Nagano Ken;26;Ina Shi;1861606;35.8888;138.04
NL;3012;Rotterdam;Zuid-Holland;11;Rotterdam;599;51.9186;4.4759
JP;729-6205;Shiomachi;Hiroshima Ken;11;Miyoshi Shi;1856691;34.7753;132.9129
JP;396-0030;Hirasawa;Nagano Ken;26;Ina Shi;1861606;35.8541;137.9064
NL;3044;Rotterdam;Zuid-Holland;11;Rotterdam;599;51.9285;4.4215
JP;723-0017;Minatomachi;Hiroshima Ken;11;Mihara Shi;1857327;34.3993;133.0784
JP;396-0405;Hase Ichinose;Nagano Ken;26;Ina Shi;1861606;35.8465;137.9656
NL;3047;Rotterdam;Zuid-Holland;11;Rotterdam;599;51.9429;4.4049
JP;723-0031;Sunamicho;Hiroshima Ken;11;Mihara Shi;1857327;34.3697;133.0793
JP;879-5411;Shonaicho Tatsuharu;Oita Ken;30;Yufu Shi;8739980;33.2461;131.4948
NL;2281;Rijswijk;Zuid-Holland;11;Rijswijk;603;52.0577;4.3411
JP;723-8520;Enichicho;Hiroshima Ken;11;Mihara Shi;1857327;34.4582;133.004
JP;879-5515;Hasamamachi Mifune;Oita Ken;30;Yufu Shi;8739980;33.2461;131.4948
NL;3161;Rhoon;Zuid-Holland;11;Albrandswaard;613;51.8564;4.4245
JP;729-1492;三原市　大和支所;Hiroshima Ken;11;Mihara Shi;1857327;34.4582;133.004
JP;879-5595;大分大学　医学部附属図書館;Oita Ken;30;Yufu Shi;8739980;33.2461;131.4948
NL;3172;Poortugaal;Zuid-Holland;11;Albrandswaard;613;51.8494;4.4012
JP;737-0809;Nishitatsukawa;Hiroshima Ken;11;Kure Shi;1858288;34.2588;132.5704
JP;708-1211;Hara;Okayama Ken;31;Tsuyama Shi;1849518;35.0976;134.1172
NL;3333;Zwijndrecht;Zuid-Holland;11;Zwijndrecht;642;51.8109;4.6315
JP;737-0824;Higashikawaraishicho;Hiroshima Ken;11;Kure Shi;1858288;34.248;132.5467
JP;708-1215;Suginomiya;Okayama Ken;31;Tsuyama Shi;1849518;35.0906;134.0909
NL;2361;Sassenheim;Zuid-Holland;11;Teylingen;1525;52.2188;4.5448
JP;737-0825;Nishikawaraishicho;Hiroshima Ken;11;Kure Shi;1858288;34.2507;132.5454
JP;708-8518;Yaide;Okayama Ken;31;Tsuyama Shi;1849518;35.1405;134.0318
NL;3248;Melissant;Zuid-Holland;11;Goeree-Overflakkee;1924;51.7692;4.0705
JP;737-0914;Oshigome Nishihiracho;Hiroshima Ken;11;Kure Shi;1858288;34.3149;132.567
JP;708-0335;Makabe;Okayama Ken;31;Tomata Gun;1850139;35.0901;133.918
NL;2861;Bergambacht;Zuid-Holland;11;Krimpenerwaard;1931;51.9336;4.7862
JP;737-1215;Ondocho Hayase;Hiroshima Ken;11;Kure Shi;1858288;34.1177;132.5025
JP;706-0144;Koshimaji;Okayama Ken;31;Tamano Shi;1850741;34.5174;133.8742
NL;8153;Lemelerveld;Overijssel;15;Dalfsen;148;52.4312;6.3435
JP;737-2501;Yasuracho Onagobata;Hiroshima Ken;11;Kure Shi;1858288;34.2245;132.6291
JP;716-0001;Tsugawacho Yagawa;Okayama Ken;31;Takahashi Shi;1851133;34.8002;133.6253
NL;7421;Deventer;Overijssel;15;Deventer;150;52.2437;6.2211
JP;737-2508;Yasuracho Nakahata(Sonota);Hiroshima Ken;11;Kure Shi;1858288;34.2245;132.6291
JP;716-0004;Uchisange;Okayama Ken;31;Takahashi Shi;1851133;34.8096;133.6231
NL;7525;Enschede;Overijssel;15;Enschede;153;52.2573;6.9336
JP;737-2609;Yasuracho Nakahata(Zentanayama);Hiroshima Ken;11;Kure Shi;1858288;34.2245;132.6291
JP;716-0008;Wadacho;Okayama Ken;31;Takahashi Shi;1851133;34.7925;133.6213
NL;7544;Enschede;Overijssel;15;Enschede;153;52.1921;6.8776
JP;737-2609;Yasuracho Norosan;Hiroshima Ken;11;Kure Shi;1858288;34.2245;132.6291
JP;716-0009;Ainomachi;Okayama Ken;31;Takahashi Shi;1851133;34.7929;133.6184
NL;8263;Kampen;Overijssel;15;Kampen;166;52.5643;5.8842
JP;737-2615;Kawajiricho Shinkochi;Hiroshima Ken;11;Kure Shi;1858288;34.2245;132.6291
JP;700-0054;Shimoifuku Nishimachi;Okayama Ken;31;Okayama Shi;1854380;34.6659;133.8998
NL;8276;Zalk;Overijssel;15;Kampen;166;52.5181;6.0035
JP;737-8501;Chuo;Hiroshima Ken;11;Kure Shi;1858288;34.2245;132.6291
JP;700-0061;Daianji Nishimachi;Okayama Ken;31;Okayama Shi;1854380;34.6648;133.8815
NL;7735;Arriën;Overijssel;15;Ommen;175;52.5398;6.4617
JP;720-1412;Mitsusue;Hiroshima Ken;11;Jinseki Gun;1861022;34.6834;133.2329
JP;700-0821;Nakasange;Okayama Ken;31;Okayama Shi;1854380;34.6623;133.9276
NL;7642;Wierden;Overijssel;15;Wierden;189;52.354;6.5855
JP;730-0837;Eba Okimachi;Hiroshima Ken;11;Hiroshima Shi;1862412;34.3896;132.4469
JP;700-0835;Higashichuocho;Okayama Ken;31;Okayama Shi;1854380;34.6553;133.9269
NL;8341;Steenwijkerwold;Overijssel;15;Steenwijkerland;1708;52.803;6.0622
JP;730-8585;Motomachi;Hiroshima Ken;11;Hiroshima Shi;1862412;34.3812;132.4489
JP;700-0904;Yanagimachi;Okayama Ken;31;Okayama Shi;1854380;34.6584;133.9211
NL;7451;Holten;Overijssel;15;Rijssen-Holten;1742;52.2806;6.4211
JP;730-8603;Teppomachi;Hiroshima Ken;11;Hiroshima Shi;1862412;34.3812;132.4489
JP;700-0923;Omotoekimae;Okayama Ken;31;Okayama Shi;1854380;34.646;133.9118
NL;1323;Almere;Flevoland;16;Almere;34;52.366;5.1954
JP;730-8654;Nakajimamachi;Hiroshima Ken;11;Hiroshima Shi;1862412;34.3812;132.4489
JP;700-8520;Hommachi;Okayama Ken;31;Okayama Shi;1854380;34.7746;133.8815
NL;3894;Zeewolde;Flevoland;16;Zeewolde;50;52.3443;5.5281
JP;730-8706;Kokutaijimachi;Hiroshima Ken;11;Hiroshima Shi;1862412;34.3812;132.4489
JP;700-8544;Daiku;Okayama Ken;31;Okayama Shi;1854380;34.7746;133.8815
NL;3897;Zeewolde;Flevoland;16;Zeewolde;50;52.3541;5.4649
JP;731-0135;Nagatsuka;Hiroshima Ken;11;Hiroshima Shi;1862412;34.4303;132.4579
JP;700-8572;Showamachi;Okayama Ken;31;Okayama Shi;1854380;34.7746;133.8815
NO;6523;Frei;Møre og Romsdal;8;Kristiansund;1505;63.0275;7.7907
JP;731-0143;Chorakujicho;Hiroshima Ken;11;Hiroshima Shi;1862412;34.4828;132.4252
JP;700-8677;Yanagimachi;Okayama Ken;31;Okayama Shi;1854380;34.7746;133.8815
NO;6412;Molde;Møre og Romsdal;8;Molde;1506;62.7374;7.1378
JP;731-0144;Takatorikita;Hiroshima Ken;11;Hiroshima Shi;1862412;34.4776;132.4369
JP;701-1205;Sayama;Okayama Ken;31;Okayama Shi;1854380;34.7014;133.8807
NO;6419;Molde;Møre og Romsdal;8;Molde;1506;62.7448;7.227
JP;731-5107;Ishiuchikami;Hiroshima Ken;11;Hiroshima Shi;1862412;34.4257;132.3915
JP;702-8041;Tomihamacho;Okayama Ken;31;Okayama Shi;1854380;34.6253;133.9411
NO;6013;Ålesund;Møre og Romsdal;8;Ålesund;1507;62.4319;6.4331
JP;731-5121;Itsukaichicho Misuzuen;Hiroshima Ken;11;Hiroshima Shi;1862412;34.3717;132.3623
JP;702-8051;Chikko Motomachi;Okayama Ken;31;Okayama Shi;1854380;34.6084;133.9416
NO;6532;Averøy;Møre og Romsdal;8;Averøy;1554;63.0823;7.6313
JP;731-5124;Minaga;Hiroshima Ken;11;Hiroshima Shi;1862412;34.3745;132.3672
JP;703-8215;Kozuminamigata;Okayama Ken;31;Okayama Shi;1854380;34.6847;134.0235
NO;6629;Torjulvågen;Møre og Romsdal;8;Tingvoll;1560;62.9712;8.2344
JP;731-5144;Misuji;Hiroshima Ken;11;Hiroshima Shi;1862412;34.3666;132.3469
JP;703-8253;Yahatahigashimachi;Okayama Ken;31;Okayama Shi;1854380;34.6876;133.9497
NO;6600;Sunndalsøra;Møre og Romsdal;8;Sunndal;1563;62.6522;8.5717
JP;731-5197;Ishiuchiminami;Hiroshima Ken;11;Hiroshima Shi;1862412;34.3842;132.3644
JP;703-8257;Korakuen;Okayama Ken;31;Okayama Shi;1854380;34.6666;133.9357
NO;6650;Surnadal;Møre og Romsdal;8;Surnadal;1566;62.9808;8.7139
JP;732-0035;Umakicho;Hiroshima Ken;11;Hiroshima Shi;1862412;34.4316;132.5391
JP;703-8258;Nishigawara;Okayama Ken;31;Okayama Shi;1854380;34.678;133.941
NO;8004;Bodø;Nordland;9;Bodø;1804;67.2798;14.4734
JP;732-0068;Ushita Shimmachi;Hiroshima Ken;11;Hiroshima Shi;1862412;34.4069;132.495
JP;703-8266;Minato;Okayama Ken;31;Okayama Shi;1854380;34.6471;133.9572
NO;8010;Bodø;Nordland;9;Bodø;1804;67.2798;14.4734
JP;732-0827;Inarimachi;Hiroshima Ken;11;Hiroshima Shi;1862412;34.3919;132.4705
JP;703-8505;Koshita;Okayama Ken;31;Okayama Shi;1854380;34.6711;133.959
NO;8070;Bodø;Nordland;9;Bodø;1804;67.2798;14.4734
JP;732-8510;Higashikaniyacho;Hiroshima Ken;11;Hiroshima Shi;1862412;34.4284;132.5146
JP;704-8113;Saidaiji;Okayama Ken;31;Okayama Shi;1854380;34.6622;134.0412
NO;8844;Sandvær;Nordland;9;Herøy (Nordland);1818;65.8944;11.9921
JP;733-0012;Nakahiromachi;Hiroshima Ken;11;Hiroshima Shi;1862412;34.4036;132.443
JP;704-8148;Suimoncho;Okayama Ken;31;Okayama Shi;1854380;34.6145;134.0625
NO;8890;Leirfjord;Nordland;9;Leirfjord;1822;66.0722;12.8908
JP;733-0851;Takata;Hiroshima Ken;11;Hiroshima Shi;1862412;34.3873;132.3989
JP;704-8149;Kochizakicho;Okayama Ken;31;Okayama Shi;1854380;34.6184;134.0806
NO;8630;Storforshei;Nordland;9;Rana;1833;66.3773;14.7202
JP;733-0864;Kusatsumegadai;Hiroshima Ken;11;Hiroshima Shi;1862412;34.3789;132.3964
JP;704-8166;Kimitsu;Okayama Ken;31;Okayama Shi;1854380;34.6347;134.01
NO;8762;Sleneset;Nordland;9;Lurøy;1834;66.3619;12.5893
JP;733-8616;Shokosenta;Hiroshima Ken;11;Hiroshima Shi;1862412;34.3936;132.4163
JP;704-8181;Asagoe;Okayama Ken;31;Okayama Shi;1854380;34.6631;134.0274
NO;8220;Røsvik;Nordland;9;Sørfold;1845;67.4769;15.4439
JP;733-8648;Shokosenta;Hiroshima Ken;11;Hiroshima Shi;1862412;34.3936;132.4163
JP;704-8182;Hirotani;Okayama Ken;31;Okayama Shi;1854380;34.6588;134.02
NO;21;Oslo;Oslo County;12;Oslo;301;59.8457;10.7823
JP;733-8650;Shokosenta;Hiroshima Ken;11;Hiroshima Shi;1862412;34.3936;132.4163
JP;709-0633;Nishihirajima;Okayama Ken;31;Okayama Shi;1854380;34.7122;134.0452
NO;123;Oslo;Oslo County;12;Oslo;301;59.8457;10.7823
JP;733-8660;Shokosenta;Hiroshima Ken;11;Hiroshima Shi;1862412;34.3936;132.4163
JP;709-0846;Setocho Daii;Okayama Ken;31;Okayama Shi;1854380;34.7591;134.0152
NO;135;Oslo;Oslo County;12;Oslo;301;59.8457;10.7823
JP;733-8701;Minamikanommachi;Hiroshima Ken;11;Hiroshima Shi;1862412;34.3936;132.4163
JP;709-0865;Setocho Kikuyama;Okayama Ken;31;Okayama Shi;1854380;34.7591;134.0152
NO;211;Oslo;Oslo County;12;Oslo;301;59.8457;10.7823
JP;738-0602;Yukicho Mugitani;Hiroshima Ken;11;Hiroshima Shi;1862412;34.3658;132.2832
JP;709-3104;Takebecho Tsuishidani;Okayama Ken;31;Okayama Shi;1854380;35.0371;133.9689
NO;244;Oslo;Oslo County;12;Oslo;301;59.8457;10.7823
JP;739-0302;Kamisenocho;Hiroshima Ken;11;Hiroshima Shi;1862412;34.4266;132.6437
JP;714-1203;Kamikozue;Okayama Ken;31;Oda Gun;1854770;34.6848;133.6041
NO;284;Oslo;Oslo County;12;Oslo;301;59.8457;10.7823
JP;739-1700;Ikanikeisaiganaibaai;Hiroshima Ken;11;Hiroshima Shi;1862412;34.4742;132.5165
JP;707-0404;Ota;Okayama Ken;31;Mimasaka Shi;1857232;35.1461;134.361
NO;287;Oslo;Oslo County;12;Oslo;301;59.8457;10.7823
JP;739-0144;Hachihommatsu Minami;Hiroshima Ken;11;Higashihiroshima Shi;1862821;34.4546;132.7041
JP;709-4205;Awainaka;Okayama Ken;31;Mimasaka Shi;1857232;35.0711;134.2371
NO;306;Oslo;Oslo County;12;Oslo;301;59.8457;10.7823
JP;739-2304;Fukutomicho Kamitono;Hiroshima Ken;11;Higashihiroshima Shi;1862821;34.4618;132.8437
JP;709-4221;Seto;Okayama Ken;31;Mimasaka Shi;1857232;35.0482;134.2362
NO;366;Oslo;Oslo County;12;Oslo;301;59.8457;10.7823
JP;739-2619;Kurose Kiritagaoka;Hiroshima Ken;11;Higashihiroshima Shi;1862821;34.4618;132.8437
JP;709-4235;Hara;Okayama Ken;31;Mimasaka Shi;1857232;35.0014;134.2191
NO;381;Oslo;Oslo County;12;Oslo;301;59.8457;10.7823
JP;739-2731;Kurosecho Kanesawa;Hiroshima Ken;11;Higashihiroshima Shi;1862821;34.4618;132.8437
JP;709-4253;Kakigahara;Okayama Ken;31;Mimasaka Shi;1857232;34.9504;134.2307
NO;415;Oslo;Oslo County;12;Oslo;301;59.8457;10.7823
JP;739-8501;株式会社　大創産業;Hiroshima Ken;11;Higashihiroshima Shi;1862821;34.4475;132.7612
JP;710-0024;Kameyama;Okayama Ken;31;Kurashiki Shi;1858309;34.583;133.8029
NO;479;Oslo;Oslo County;12;Oslo;301;59.8457;10.7823
JP;738-0001;Sagata;Hiroshima Ken;11;Hatsukaichi Shi;1863017;34.3701;132.3282
JP;711-0921;Kojima Ekimae;Okayama Ken;31;Kurashiki Shi;1858309;34.4404;133.8007
NO;495;Oslo;Oslo County;12;Oslo;301;59.8457;10.7823
JP;738-0036;Shikigaoka;Hiroshima Ken;11;Hatsukaichi Shi;1863017;34.3505;132.3187
JP;712-8006;Tsurajimacho Tsurushinden;Okayama Ken;31;Kurashiki Shi;1858309;34.5466;133.7088
NO;573;Oslo;Oslo County;12;Oslo;301;59.8457;10.7823
JP;738-8506;Shimohera;Hiroshima Ken;11;Hatsukaichi Shi;1863017;34.35;132.3
JP;712-8012;Tsurajima;Okayama Ken;31;Kurashiki Shi;1858309;34.5489;133.7396
NO;575;Oslo;Oslo County;12;Oslo;301;59.8457;10.7823
JP;739-0441;Onohara;Hiroshima Ken;11;Hatsukaichi Shi;1863017;34.2895;132.2688
JP;712-8027;Mizushima Kitamizuhocho;Okayama Ken;31;Kurashiki Shi;1858309;34.5326;133.7466
NO;596;Oslo;Oslo County;12;Oslo;301;59.8457;10.7823
JP;739-0532;Miyajimacho (Higashionishicho);Hiroshima Ken;11;Hatsukaichi Shi;1863017;34.3176;132.4187
JP;712-8056;Mizushima Fukusakicho;Okayama Ken;31;Kurashiki Shi;1858309;34.5194;133.7566
NO;618;Oslo;Oslo County;12;Oslo;301;59.8457;10.7823
JP;739-0554;Miyajimacho (Saiwaichohigashiomote);Hiroshima Ken;11;Hatsukaichi Shi;1863017;34.3176;132.4187
JP;712-8065;Mizushima Nishichidoricho;Okayama Ken;31;Kurashiki Shi;1858309;34.5404;133.7329
NO;673;Oslo;Oslo County;12;Oslo;301;59.8457;10.7823
JP;720-0015;Sendacho Sakata;Hiroshima Ken;11;Fukuyama Shi;1863914;34.5196;133.3677
JP;712-8074;Mizushima Kawasakidori;Okayama Ken;31;Kurashiki Shi;1858309;34.5326;133.7466
NO;678;Oslo;Oslo County;12;Oslo;301;59.8457;10.7823
JP;720-0045;Takaramachi;Hiroshima Ken;11;Fukuyama Shi;1863914;34.4891;133.3662
JP;712-8513;水島合金鉄　株式会社;Okayama Ken;31;Kurashiki Shi;1858309;34.5345;133.7447
NO;701;Oslo;Oslo County;12;Oslo;301;59.8457;10.7823
JP;720-0401;Numakumacho Kamisanna;Hiroshima Ken;11;Fukuyama Shi;1863914;34.4236;133.3569
JP;712-8525;三菱ガス化学　株式会社　水島工場;Okayama Ken;31;Kurashiki Shi;1858309;34.5345;133.7447
NO;776;Oslo;Oslo County;12;Oslo;301;59.8457;10.7823
JP;720-0411;Kumanocho;Hiroshima Ken;11;Fukuyama Shi;1863914;34.4236;133.3569
JP;713-8127;Tamashima Kurosakishimmachi;Okayama Ken;31;Kurashiki Shi;1858309;34.5425;133.6754
NO;962;Oslo;Oslo County;12;Oslo;301;59.8457;10.7823
JP;720-1141;Ekiyacho Era;Hiroshima Ken;11;Fukuyama Shi;1863914;34.7303;133.2786
JP;709-3411;Uekuchi;Okayama Ken;31;Kume Gun;1858395;34.9907;133.8675
NO;979;Oslo;Oslo County;12;Oslo;301;59.8457;10.7823
JP;720-1263;Ashidacho Taruma;Hiroshima Ken;11;Fukuyama Shi;1863914;34.7303;133.2786
JP;709-3617;Shimonika;Okayama Ken;31;Kume Gun;1858395;34.9177;133.9509
NO;985;Oslo;Oslo County;12;Oslo;301;59.8457;10.7823
JP;720-8524;Irifunecho;Hiroshima Ken;11;Fukuyama Shi;1863914;34.5234;133.3378
JP;709-3622;Butsukyoji;Okayama Ken;31;Kume Gun;1858395;34.9178;133.9404
NO;1086;Oslo;Oslo County;12;Oslo;301;59.8457;10.7823
JP;721-0925;Daimoncho Sakari;Hiroshima Ken;11;Fukuyama Shi;1863914;34.4932;133.4378
JP;709-3623;Nakamomi;Okayama Ken;31;Kume Gun;1858395;34.9254;133.9167
NO;1161;Oslo;Oslo County;12;Oslo;301;59.8457;10.7823
JP;721-0958;Nishishingaicho;Hiroshima Ken;11;Fukuyama Shi;1863914;34.4587;133.3823
JP;709-4300;Ikanikeisaiganaibaai;Okayama Ken;31;Katsuta Gun;1859776;35.0729;134.1587
NO;1201;Oslo;Oslo County;12;Oslo;301;59.8457;10.7823
JP;721-8564;Akebonomachi;Hiroshima Ken;11;Fukuyama Shi;1863914;34.5234;133.3378
JP;709-4302;Kawara;Okayama Ken;31;Katsuta Gun;1859776;35.0881;134.1619
NO;1279;Oslo;Oslo County;12;Oslo;301;59.8457;10.7823
JP;726-0006;Sakuragaoka;Hiroshima Ken;11;Fuchu Shi;1864151;34.5781;133.2396
JP;714-0093;Shinyokoshima;Okayama Ken;31;Kasaoka Shi;1859989;34.4914;133.5242
NO;4014;Stavanger;Rogaland;14;Stavanger;1103;58.9608;5.7546
JP;726-8632;Takagicho;Hiroshima Ken;11;Fuchu Shi;1864151;34.5667;133.2333
JP;705-0003;Ochi;Okayama Ken;31;Bizen Shi;1864698;34.7422;134.1357
NO;4036;Stavanger;Rogaland;14;Stavanger;1103;58.9608;5.7546
JP;729-3412;Jogecho Ogaya;Hiroshima Ken;11;Fuchu Shi;1864151;34.724;133.186
JP;705-8510;Hatakeda;Okayama Ken;31;Bizen Shi;1864698;34.795;134.2351
NO;4169;Sørbokn;Rogaland;14;Stavanger;1103;59.1633;5.9499
JP;735-0007;Ishiijo;Hiroshima Ken;11;Aki Gun;1865442;34.4007;132.5101
JP;709-2393;Uwano;Okayama Ken;31;Kaga Gun;7405220;34.849;133.7877
NO;4170;Sjernarøy;Rogaland;14;Stavanger;1103;59.2525;5.8382
JP;735-8510;Osu;Hiroshima Ken;11;Aki Gun;1865442;34.4;132.5167
JP;709-2553;Tominaga;Okayama Ken;31;Kaga Gun;7405220;34.8818;133.7508
NO;5538;Haugesund;Rogaland;14;Haugesund;1106;59.412;5.2686
JP;731-0592;安芸高田市役所;Hiroshima Ken;11;Akitakata Shi;7372274;34.4879;132.4812
JP;709-2674;Sasame;Okayama Ken;31;Kaga Gun;7405220;34.9187;133.721
NO;4322;Sandnes;Rogaland;14;Sandnes;1108;58.82;5.7054
JP;739-1103;Kodacho Shimobara;Hiroshima Ken;11;Akitakata Shi;7372274;34.4728;132.5273
JP;709-0511;Yata;Okayama Ken;31;Wake Gun;7405222;34.8588;134.1129
NO;4337;Sandnes;Rogaland;14;Sandnes;1108;58.8292;5.8173
JP;727-0000;Ikanikeisaiganaibaai;Hiroshima Ken;11;Shobara Shi;7372275;34.8587;133.0166
JP;714-2112;Yoshiicho Yanase;Okayama Ken;31;Ibara Shi;7405223;34.6503;133.4737
NO;4394;Sandnes;Rogaland;14;Sandnes;1108;58.845;5.7386
JP;727-0002;Takakadocho;Hiroshima Ken;11;Shobara Shi;7372275;34.838;133.0558
JP;715-0015;Nishigatacho;Okayama Ken;31;Ibara Shi;7405223;34.5697;133.4831
NO;5508;Karmsund;Rogaland;14;Karmøy;1149;59.3807;5.3148
JP;727-0422;Takanocho Okumonde;Hiroshima Ken;11;Shobara Shi;7372275;34.8517;133.0209
JP;715-0025;Sasakacho;Okayama Ken;31;Ibara Shi;7405223;34.5917;133.4392
NO;7079;Flatåsen;Trøndelag;21;Trondheim;5001;63.377;10.3375
JP;729-3701;Soryocho Kurome;Hiroshima Ken;11;Shobara Shi;7372275;34.724;133.186
JP;715-8503;Iharacho;Okayama Ken;31;Ibara Shi;7405223;34.6503;133.4737
NO;7404;Trondheim;Trøndelag;21;Trondheim;5001;63.4305;10.3951
JP;729-5601;Saijocho Hitotobara;Hiroshima Ken;11;Shobara Shi;7372275;34.8776;133.0737
JP;715-8602;Kinokocho;Okayama Ken;31;Ibara Shi;7405223;34.6503;133.4737
NO;7471;Trondheim;Trøndelag;21;Trondheim;5001;63.4305;10.3951
JP;737-2112;Etajimacho Konora;Hiroshima Ken;11;Etajima Shi;8740425;34.2199;132.4435
JP;719-1125;Ide;Okayama Ken;31;Soja Shi;7405224;34.6757;133.7638
NO;7473;Trondheim;Trøndelag;21;Trondheim;5001;63.4305;10.3951
JP;068-0756;Takinoe;Hokkaido;12;Yubari Shi;2127415;42.9035;142.0047
JP;719-1142;Hada;Okayama Ken;31;Soja Shi;7405224;34.6889;133.7101
NO;7345;Driva;Trøndelag;21;Oppdal;5021;62.5313;9.6233
JP;046-0032;Toyohamacho;Hokkaido;12;Yoichi Gun;2127440;43.2336;140.7038
JP;719-2721;Toyonaga Akoma;Okayama Ken;31;Niimi Shi;7405225;34.9049;133.5465
NO;7361;Røros;Trøndelag;21;Røros;5025;62.5747;11.3842
JP;046-0521;Ikeda;Hokkaido;12;Yoichi Gun;2127440;43.1911;140.7768
JP;701-4215;Okucho Kamiyamada;Okayama Ken;31;Setochi Shi;7405226;34.6654;134.1416
NO;7506;Stjørdal;Trøndelag;21;Stjørdal;5035;63.4761;10.9494
JP;098-6575;Koetoimura(Tenko);Hokkaido;12;Wakkanai Shi;2127513;45.3437;142.0826
JP;701-4231;Okucho Okubo;Okayama Ken;31;Setochi Shi;7405226;34.6654;134.1416
NO;7608;Levanger;Trøndelag;21;Levanger;5037;63.6953;11.4322
JP;078-4421;Shosambetsu;Hokkaido;12;Tomamae Gun;2127730;44.365;141.7099
JP;701-4303;Ushimadocho Kashino;Okayama Ken;31;Setochi Shi;7405226;34.6654;134.1416
NO;7761;Snåsa;Trøndelag;21;Snåsa;5041;64.2457;12.3778
JP;059-1374;Harumicho(1-42-Banchi);Hokkaido;12;Tomakomai Shi;2127732;42.6742;141.6874
JP;709-0704;Sawahara;Okayama Ken;31;Akaiwa Shi;7405227;34.8002;134.0868
NO;7745;Oppland;Trøndelag;21;Flatanger;5049;64.356;10.8435
JP;098-3132;Higashionobunai;Hokkaido;12;Teshio Gun;2127817;45.0156;141.8467
JP;709-0705;Matsuki;Okayama Ken;31;Akaiwa Shi;7405227;34.7932;134.0915
NO;7250;Melandsjø;Trøndelag;21;Hitra;5056;63.6116;8.7499
JP;098-3203;3-Jokita;Hokkaido;12;Teshio Gun;2127817;45.0172;141.8508
JP;716-1402;Yamada;Okayama Ken;31;Maniwa Shi;7405228;34.9789;133.6706
NO;7303;Orkanger;Trøndelag;21;Orkland;5059;63.3067;9.8503
JP;098-3304;Shinchidori;Hokkaido;12;Teshio Gun;2127817;45.0156;141.8467
JP;717-0006;Kumi;Okayama Ken;31;Maniwa Shi;7405228;35.1033;133.6791
NO;7960;Salsbruket;Trøndelag;21;Nærøysund;5060;64.7557;11.9212
JP;098-3503;Keimei;Hokkaido;12;Teshio Gun;2127817;45.0156;141.8467
JP;717-0011;Mio;Okayama Ken;31;Maniwa Shi;7405228;35.1328;133.7006
NO;1516;Moss;Viken;30;Moss;3002;59.4264;10.6371
JP;098-4134;Toyohoro;Hokkaido;12;Teshio Gun;2127817;45.115;141.9084
JP;717-0016;Masayoshi;Okayama Ken;31;Maniwa Shi;7405228;35.1078;133.7035
NO;1727;Sarpsborg;Viken;30;Sarpsborg;3003;59.303;11.1204
JP;073-0016;Ichinosakacho Higashi;Hokkaido;12;Takikawa Shi;2127895;43.5682;141.9189
JP;717-0027;Kojiro;Okayama Ken;31;Maniwa Shi;7405228;35.0998;133.6439
NO;1743;Klavestadhaugen;Viken;30;Sarpsborg;3003;59.2542;11.1795
JP;073-0042;Izumimachi;Hokkaido;12;Takikawa Shi;2127895;43.5764;141.8966
JP;717-0411;Miakedo;Okayama Ken;31;Maniwa Shi;7405228;35.1726;133.6843
NO;1625;Manstad;Viken;30;Fredrikstad;3004;59.2713;10.7672
JP;073-0127;Hinode1-Jominami;Hokkaido;12;Sunagawa Shi;2127954;43.4799;141.9118
JP;717-0735;Shimoiwa;Okayama Ken;31;Maniwa Shi;7405228;35.0743;133.6027
NO;1663;Rolvsøy;Viken;30;Fredrikstad;3004;59.2538;10.9915
JP;073-0176;Sorachibutonishi6-Jo;Hokkaido;12;Sunagawa Shi;2127954;43.5438;141.917
JP;719-3114;Takaya;Okayama Ken;31;Maniwa Shi;7405228;35.047;133.7446
NO;3046;Drammen;Viken;30;Drammen;3005;59.7336;10.1899
JP;095-0021;Nishi1-Jo;Hokkaido;12;Shibetsu Shi;2128201;44.1776;142.386
JP;719-3123;Shimomi;Okayama Ken;31;Maniwa Shi;7405228;35.0032;133.7836
NO;3647;Hvittingfoss;Viken;30;Kongsberg;3006;59.4984;9.9772
JP;095-0045;Higashioka;Hokkaido;12;Shibetsu Shi;2128201;44.177;142.4086
JP;719-3197;Kamiichize;Okayama Ken;31;Maniwa Shi;7405228;35.0229;133.7462
NO;3501;Hønefoss;Viken;30;Ringerike;3007;60.1627;10.2502
JP;001-0019;Kita19-Jonishi(2-7-Chome);Hokkaido;12;Sapporo Shi;2128291;43.0984;141.3394
JP;714-0192;Yorishimacho;Okayama Ken;31;Asakuchi Shi;7405229;34.4848;133.5793
NO;3515;Hønefoss;Viken;30;Ringerike;3007;60.1787;10.2593
JP;001-0028;Kita28-Jonishi;Hokkaido;12;Sapporo Shi;2128291;43.0948;141.3392
JP;581-0029;Higashiyuge;Osaka Fu;32;Yao Shi;1848519;34.6184;135.6232
NO;3516;Hønefoss;Viken;30;Ringerike;3007;60.3262;10.1127
JP;002-0851;Tonden 1-Jo;Hokkaido;12;Sapporo Shi;2128291;43.1426;141.3098
JP;581-0033;Shikicho Minami;Osaka Fu;32;Yao Shi;1848519;34.6215;135.5971
NO;1804;Spydeberg;Viken;30;Indre Østfold;3014;59.6269;11.0866
JP;002-0858;Tonden 8-Jo;Hokkaido;12;Sapporo Shi;2128291;43.1426;141.3098
JP;581-0833;Asahigaoka;Osaka Fu;32;Yao Shi;1848519;34.6324;135.61
NO;1878;Hærland;Viken;30;Indre Østfold;3014;59.5516;11.471
JP;002-8041;Higashibarato 1-Jo;Hokkaido;12;Sapporo Shi;2128291;43.1428;141.3815
JP;581-0837;Midorigaoka;Osaka Fu;32;Yao Shi;1848519;34.6324;135.61
NO;1451;Nesoddtangen;Viken;30;Nesodden;3023;59.8621;10.6619
JP;002-8066;Takuhoku 6-Jo;Hokkaido;12;Sapporo Shi;2128291;43.1428;141.3815
JP;581-0875;Takayasucho Minami;Osaka Fu;32;Yao Shi;1848519;34.6324;135.61
NO;1346;Gjettum;Viken;30;Bærum;3024;59.9049;10.5174
JP;002-8075;Ainosato 5-Jo;Hokkaido;12;Sapporo Shi;2128291;43.1428;141.3815
JP;584-0013;Sakuraicho;Osaka Fu;32;Tondabayashi Shi;1850033;34.5192;135.6116
NO;1359;Eiksmarka;Viken;30;Bærum;3024;59.9478;10.6182
JP;002-8081;Yurigahara;Hokkaido;12;Sapporo Shi;2128291;43.1319;141.3629
JP;584-0025;Wakamatsucho Nishi;Osaka Fu;32;Tondabayashi Shi;1850033;34.5102;135.6054
NO;1954;Setskog;Viken;30;Aurskog-Høland;3026;59.8226;11.7125
JP;003-0863;Kawashimo 3-Jo;Hokkaido;12;Sapporo Shi;2128291;43.067;141.4466
JP;584-0039;Miyamadai;Osaka Fu;32;Tondabayashi Shi;1850033;34.4993;135.5869
NO;1961;Løken;Viken;30;Aurskog-Høland;3026;59.7967;11.4476
JP;003-8610;Hontori;Hokkaido;12;Sapporo Shi;2128291;43.0603;141.4252
JP;584-0077;Shinaobaokacho;Osaka Fu;32;Tondabayashi Shi;1850033;34.5059;135.566
NO;2026;Skjetten;Viken;30;Lillestrøm;3030;59.9663;10.9954
JP;004-0848;Kiyota 8-Jo;Hokkaido;12;Sapporo Shi;2128291;43.0009;141.4735
JP;584-0092;Showacho;Osaka Fu;32;Tondabayashi Shi;1850033;34.5061;135.5979
NO;2033;Åsgreina;Viken;30;Nannestad;3036;60.1684;10.9903
JP;004-0875;Hiraoka 5-Jo;Hokkaido;12;Sapporo Shi;2128291;43.0009;141.4735
JP;569-1017;Nariai Kitanocho;Osaka Fu;32;Takatsuki Shi;1850907;34.874;135.6197
NO;3593;Ustaoset;Viken;30;Hol;3044;60.501;8.035
JP;004-8585;（株）　ドーコン;Hokkaido;12;Sapporo Shi;2128291;43.0433;141.4738
JP;569-1042;Nampeidai;Osaka Fu;32;Takatsuki Shi;1850907;34.8634;135.5839
NO;3410;Sylling;Viken;30;Lier;3049;59.9053;10.2741
JP;005-0031;Minami31-Jonishi;Hokkaido;12;Sapporo Shi;2128291;43.0171;141.3491
JP;569-1124;Minamiakutagawacho;Osaka Fu;32;Takatsuki Shi;1850907;34.8488;135.6105
NO;3425;Reistad;Viken;30;Lier;3049;59.7828;10.2826
JP;005-0035;Minami35-Jonishi;Hokkaido;12;Sapporo Shi;2128291;43.0107;141.3476
JP;592-0011;Kamo;Osaka Fu;32;Takaishi Shi;1851123;34.5225;135.4399
NO;2717;Grua;Viken;30;Lunner;3054;60.2563;10.6479
JP;006-0015;Tomioka 5-Jo;Hokkaido;12;Sapporo Shi;2128291;43.1308;141.1976
JP;564-0027;Asahimachi;Osaka Fu;32;Suita Shi;1851482;34.762;135.5258
NO;2213;Kongsvinger;Innlandet;34;Kongsvinger;3401;60.2017;12.0103
JP;006-0034;Inaho 4-Jo;Hokkaido;12;Sapporo Shi;2128291;43.1308;141.1976
JP;564-0062;Tarumicho;Osaka Fu;32;Suita Shi;1851482;34.7631;135.5036
NO;2224;Austmarka;Innlandet;34;Kongsvinger;3401;60.109;12.3497
JP;006-0804;Shinhassamu 4-Jo;Hokkaido;12;Sapporo Shi;2128291;43.1406;141.2289
JP;565-0842;Senriyama Higashi;Osaka Fu;32;Suita Shi;1851482;34.7769;135.5179
NO;2624;Lillehammer;Innlandet;34;Lillehammer;3405;61.1389;10.4436
JP;006-0811;Maeda 1-Jo;Hokkaido;12;Sapporo Shi;2128291;43.1406;141.2289
JP;575-0015;Satsukigaoka;Osaka Fu;32;Shijonawate Shi;1852523;34.7215;135.6864
NO;2815;Gjøvik;Innlandet;34;Gjøvik;3407;60.7878;10.6881
